{
	"IcoMoonType": "selection",
	"icons": [
		{
			"icon": {
				"paths": [
					"M804.571 566.857v274.286q0 14.857-10.857 25.714t-25.714 10.857h-219.429v-219.429h-146.286v219.429h-219.429q-14.857 0-25.714-10.857t-10.857-25.714v-274.286q0-0.571 0.286-1.714t0.286-1.714l328.571-270.857 328.571 270.857q0.571 1.143 0.571 3.429zM932 527.429l-35.429 42.286q-4.571 5.143-12 6.286h-1.714q-7.429 0-12-4l-395.429-329.714-395.429 329.714q-6.857 4.571-13.714 4-7.429-1.143-12-6.286l-35.429-42.286q-4.571-5.714-4-13.429t6.286-12.286l410.857-342.286q18.286-14.857 43.429-14.857t43.429 14.857l139.429 116.571v-111.429q0-8 5.143-13.143t13.143-5.143h109.714q8 0 13.143 5.143t5.143 13.143v233.143l125.143 104q5.714 4.571 6.286 12.286t-4 13.429z"
				],
				"width": 950.8581371307373,
				"attrs": [],
				"isMulticolor": false,
				"tags": [
					"home"
				],
				"defaultCode": 61461,
				"grid": 14
			},
			"attrs": [],
			"properties": {
				"name": "home",
				"id": 20,
				"order": 564,
				"prevSize": 32,
				"code": 61461
			},
			"setIdx": 0,
			"setId": 3,
			"iconIdx": 20
		},
		{
			"icon": {
				"paths": [
					"M961.714 760.571l-94.857 94.286q-10.857 10.857-25.714 10.857t-25.714-10.857l-303.429-303.429-303.429 303.429q-10.857 10.857-25.714 10.857t-25.714-10.857l-94.857-94.286q-10.857-10.857-10.857-26t10.857-26l424-423.429q10.857-10.857 25.714-10.857t25.714 10.857l424 423.429q10.857 10.857 10.857 26t-10.857 26z"
				],
				"width": 1023.9999694824219,
				"attrs": [],
				"isMulticolor": false,
				"tags": [
					"chevron-up"
				],
				"defaultCode": 61559,
				"grid": 14
			},
			"attrs": [],
			"properties": {
				"name": "chevron-up",
				"id": 112,
				"order": 565,
				"prevSize": 32,
				"code": 61559
			},
			"setIdx": 0,
			"setId": 3,
			"iconIdx": 112
		},
		{
			"icon": {
				"paths": [
					"M146.286 768q0-14.857-10.857-25.714t-25.714-10.857-25.714 10.857-10.857 25.714 10.857 25.714 25.714 10.857 25.714-10.857 10.857-25.714zM804.571 438.857q0-29.143-22.286-51.143t-50.857-22h-201.143q0-33.143 27.429-91.143t27.429-91.714q0-56-18.286-82.857t-73.143-26.857q-14.857 14.857-21.714 48.571t-17.429 71.714-34 62.571q-12.571 13.143-44 52-2.286 2.857-13.143 17.143t-18 23.429-19.714 24.286-22.857 25.143-22 20.286-22.857 15.429-20.286 5.143h-18.286v365.714h18.286q7.429 0 18 1.714t18.857 3.714 21.714 6.286 20 6.571 20.286 7.143 16.571 6q120.571 41.714 195.429 41.714h69.143q109.714 0 109.714-95.429 0-14.857-2.857-32 17.143-9.143 27.143-30t10-42-10.286-39.429q30.286-28.571 30.286-68 0-14.286-5.714-31.714t-14.286-27.143q18.286-0.571 30.571-26.857t12.286-46.286zM877.714 438.286q0 50.857-28 93.143 5.143 18.857 5.143 39.429 0 44-21.714 82.286 1.714 12 1.714 24.571 0 57.714-34.286 101.714 0.571 79.429-48.571 125.429t-129.714 46h-73.714q-54.857 0-108.286-12.857t-123.714-37.429q-66.286-22.857-78.857-22.857h-164.571q-30.286 0-51.714-21.429t-21.429-51.714v-365.714q0-30.286 21.429-51.714t51.714-21.429h156.571q20.571-13.714 78.286-88.571 33.143-42.857 61.143-73.143 13.714-14.286 20.286-48.857t17.429-72.286 35.429-61.714q22.286-21.143 51.429-21.143 48 0 86.286 18.571t58.286 58 20 106.286q0 53.143-27.429 109.714h100.571q59.429 0 102.857 43.429t43.429 102.286z"
				],
				"width": 877.7181167602539,
				"attrs": [],
				"isMulticolor": false,
				"tags": [
					"thumbs-o-up"
				],
				"defaultCode": 61575,
				"grid": 14
			},
			"attrs": [],
			"properties": {
				"name": "thumbs-o-up",
				"id": 127,
				"order": 568,
				"prevSize": 32,
				"code": 61575
			},
			"setIdx": 0,
			"setId": 3,
			"iconIdx": 127
		},
		{
			"icon": {
				"paths": [
					"M731.429 681.714q0-6.286-1.143-9.143-1.714-4.571-22-16.857t-50.571-28.286l-30.286-16.571q-2.857-1.714-10.857-7.429t-14.286-8.571-12-2.857q-10.286 0-26.857 18.571t-32.571 37.429-25.143 18.857q-4 0-9.429-2t-8.857-3.714-9.714-5.429-8-4.857q-56.571-31.429-97.429-72.286t-72.286-97.429q-1.143-1.714-4.857-8t-5.429-9.714-3.714-8.857-2-9.429q0-7.429 11.714-19.143t25.714-22 25.714-22.571 11.714-20.857q0-5.714-2.857-12t-8.571-14.286-7.429-10.857q-1.714-3.429-8.571-16.286t-14.286-26-15.143-27.143-14.286-23.143-9.429-10.286-9.143-1.143q-27.429 0-57.714 12.571-26.286 12-45.714 54t-19.429 74.571q0 9.143 1.429 19.429t2.857 17.429 5.143 18.857 5.714 16.857 7.143 18.857 6.286 17.143q34.286 93.714 123.714 183.143t183.143 123.714q3.429 1.143 17.143 6.286t18.857 7.143 16.857 5.714 18.857 5.143 17.429 2.857 19.429 1.429q32.571 0 74.571-19.429t54-45.714q12.571-30.286 12.571-57.714zM877.714 237.714v548.571q0 68-48.286 116.286t-116.286 48.286h-548.571q-68 0-116.286-48.286t-48.286-116.286v-548.571q0-68 48.286-116.286t116.286-48.286h548.571q68 0 116.286 48.286t48.286 116.286z"
				],
				"width": 877.7129821777344,
				"attrs": [],
				"isMulticolor": false,
				"tags": [
					"phone-square"
				],
				"defaultCode": 61592,
				"grid": 14
			},
			"attrs": [],
			"properties": {
				"name": "phone-square",
				"id": 143,
				"order": 569,
				"prevSize": 32,
				"code": 61592
			},
			"setIdx": 0,
			"setId": 3,
			"iconIdx": 143
		},
		{
			"icon": {
				"paths": [
					"M338.857 512q-92.571 2.857-151.429 73.143h-76.571q-46.857 0-78.857-23.143t-32-67.714q0-201.714 70.857-201.714 3.429 0 24.857 12t55.714 24.286 68 12.286q38.286 0 76-13.143-2.857 21.143-2.857 37.714 0 79.429 46.286 146.286zM950.857 876q0 68.571-41.714 108.286t-110.857 39.714h-499.429q-69.143 0-110.857-39.714t-41.714-108.286q0-30.286 2-59.143t8-62.286 15.143-62 24.571-55.714 35.429-46.286 48.857-30.571 63.714-11.429q5.714 0 24.571 12.286t41.714 27.429 61.143 27.429 77.143 12.286 77.143-12.286 61.143-27.429 41.714-27.429 24.571-12.286q34.857 0 63.714 11.429t48.857 30.571 35.429 46.286 24.571 55.714 15.143 62 8 62.286 2 59.143zM365.714 146.286q0 60.571-42.857 103.429t-103.429 42.857-103.429-42.857-42.857-103.429 42.857-103.429 103.429-42.857 103.429 42.857 42.857 103.429zM768 365.714q0 90.857-64.286 155.143t-155.143 64.286-155.143-64.286-64.286-155.143 64.286-155.143 155.143-64.286 155.143 64.286 64.286 155.143zM1097.143 494.286q0 44.571-32 67.714t-78.857 23.143h-76.571q-58.857-70.286-151.429-73.143 46.286-66.857 46.286-146.286 0-16.571-2.857-37.714 37.714 13.143 76 13.143 33.714 0 68-12.286t55.714-24.286 24.857-12q70.857 0 70.857 201.714zM1024 146.286q0 60.571-42.857 103.429t-103.429 42.857-103.429-42.857-42.857-103.429 42.857-103.429 103.429-42.857 103.429 42.857 42.857 103.429z"
				],
				"width": 1097.1430435180664,
				"attrs": [],
				"isMulticolor": false,
				"tags": [
					"group",
					"users"
				],
				"defaultCode": 61632,
				"grid": 14
			},
			"attrs": [],
			"properties": {
				"name": "group, users",
				"id": 168,
				"order": 566,
				"prevSize": 32,
				"code": 61632
			},
			"setIdx": 0,
			"setId": 3,